,id,title,title_name,title_name_1
0,1,1,Opposites Attract,Best Made Cars In The World
1,2,1,Opposites Attract,Opposites Attract
2,3,1,Opposites Attract,Opposites Attract
3,4,1,Opposites Attract,Opposites Attract
4,5,1,Opposites Attract,Opposites Attract
5,6,1,Opposites Attract,Opposites Attract
6,7,1,Opposites Attract,Opposites Attract
7,8,1,Opposites Attract,Opposites Attract
8,9,1,Opposites Attract,Opposites Attract
9,10,1,Opposites Attract,Opposites Attract
10,11,1,Opposites Attract,Opposites Attract
11,12,1,Opposites Attract,Opposites Attract
12,13,1,Opposites Attract,Opposites Attract
13,14,1,Opposites Attract,Opposites Attract
14,15,1,Back to the Future,Opposites Attract
15,16,1,Back to the Future,Back to the Future
16,17,1,Back to the Future,Back to the Future
17,18,1,Back to the Future,Back to the Future
18,19,1,Back to the Future,Back to the Future
19,20,1,Back to the Future,Back to the Future
20,21,1,Back to the Future,Back to the Future
21,22,1,Back to the Future,Back to the Future
22,23,1,Back to the Future,Back to the Future
23,24,1,Back to the Future,Back to the Future
24,25,1,Back to the Future,Back to the Future
25,26,1,Back to the Future,Back to the Future
26,27,1,Back to the Future,Back to the Future
27,28,1,Back to the Future,Back to the Future
28,29,1,McLaren,Back to the Future
29,30,1,McLaren,McLaren
30,31,1,McLaren,McLaren
31,32,1,McLaren,McLaren
32,33,1,McLaren,McLaren
33,34,1,McLaren,McLaren
34,35,1,McLaren,McLaren
35,36,1,McLaren,McLaren
36,37,1,McLaren,McLaren
37,38,1,McLaren,McLaren
38,39,1,McLaren,McLaren
39,40,1,McLaren,McLaren
40,41,1,McLaren,McLaren
41,42,1,McLaren,McLaren
42,43,1,Against All Odds,McLaren
43,44,1,Against All Odds,Against All Odds
44,45,1,Against All Odds,Against All Odds
45,46,1,Against All Odds,Against All Odds
46,47,1,Against All Odds,Against All Odds
47,48,1,Against All Odds,Against All Odds
48,49,1,Against All Odds,Against All Odds
49,50,1,Against All Odds,Against All Odds
50,51,1,Against All Odds,Against All Odds
51,52,1,Against All Odds,Against All Odds
52,53,1,Against All Odds,Against All Odds
53,54,1,Against All Odds,Against All Odds
54,55,1,Against All Odds,Against All Odds
55,56,1,Against All Odds,Against All Odds
56,57,1,Questionable Road Usage,Against All Odds
57,58,1,Questionable Road Usage,Questionable Road Usage
58,59,1,Questionable Road Usage,Questionable Road Usage
59,60,1,Questionable Road Usage,Questionable Road Usage
60,61,1,Questionable Road Usage,Questionable Road Usage
61,62,1,Questionable Road Usage,Questionable Road Usage
62,63,1,Questionable Road Usage,Questionable Road Usage
63,64,1,Questionable Road Usage,Questionable Road Usage
64,65,1,Questionable Road Usage,Questionable Road Usage
65,66,1,Questionable Road Usage,Questionable Road Usage
66,67,1,Questionable Road Usage,Questionable Road Usage
67,68,1,Questionable Road Usage,Questionable Road Usage
68,69,1,Questionable Road Usage,Questionable Road Usage
69,70,1,Questionable Road Usage,Questionable Road Usage
70,71,1,Foreign Car Culture,Questionable Road Usage
71,72,1,Foreign Car Culture,Foreign Car Culture
72,73,1,Foreign Car Culture,Foreign Car Culture
73,74,1,Foreign Car Culture,Foreign Car Culture
74,75,1,Foreign Car Culture,Foreign Car Culture
75,76,1,Foreign Car Culture,Foreign Car Culture
76,77,1,Foreign Car Culture,Foreign Car Culture
77,78,1,Foreign Car Culture,Foreign Car Culture
78,79,1,Foreign Car Culture,Foreign Car Culture
79,80,1,Foreign Car Culture,Foreign Car Culture
80,81,1,Foreign Car Culture,Foreign Car Culture
81,82,1,Foreign Car Culture,Foreign Car Culture
82,83,1,Foreign Car Culture,Foreign Car Culture
83,84,1,Foreign Car Culture,Foreign Car Culture
84,85,1,"Ferrari, Ferrari, Ferrari",Foreign Car Culture
85,86,1,"Ferrari, Ferrari, Ferrari","Ferrari, Ferrari, Ferrari"
86,87,1,"Ferrari, Ferrari, Ferrari","Ferrari, Ferrari, Ferrari"
87,88,1,"Ferrari, Ferrari, Ferrari","Ferrari, Ferrari, Ferrari"
88,89,1,"Ferrari, Ferrari, Ferrari","Ferrari, Ferrari, Ferrari"
89,90,1,"Ferrari, Ferrari, Ferrari","Ferrari, Ferrari, Ferrari"
90,91,1,"Ferrari, Ferrari, Ferrari","Ferrari, Ferrari, Ferrari"
91,92,1,"Ferrari, Ferrari, Ferrari","Ferrari, Ferrari, Ferrari"
92,93,1,"Ferrari, Ferrari, Ferrari","Ferrari, Ferrari, Ferrari"
93,94,1,"Ferrari, Ferrari, Ferrari","Ferrari, Ferrari, Ferrari"
94,95,1,"Ferrari, Ferrari, Ferrari","Ferrari, Ferrari, Ferrari"
95,96,1,"Ferrari, Ferrari, Ferrari","Ferrari, Ferrari, Ferrari"
96,97,1,"Ferrari, Ferrari, Ferrari","Ferrari, Ferrari, Ferrari"
97,98,1,"Ferrari, Ferrari, Ferrari","Ferrari, Ferrari, Ferrari"
98,99,1,The Ultimate /DRIVE,"Ferrari, Ferrari, Ferrari"
99,100,1,The Ultimate /DRIVE,The Ultimate /DRIVE
100,101,1,The Ultimate /DRIVE,The Ultimate /DRIVE
101,102,1,The Ultimate /DRIVE,The Ultimate /DRIVE
102,103,1,The Ultimate /DRIVE,The Ultimate /DRIVE
103,104,1,The Ultimate /DRIVE,The Ultimate /DRIVE
104,105,1,The Ultimate /DRIVE,The Ultimate /DRIVE
105,106,1,The Ultimate /DRIVE,The Ultimate /DRIVE
106,107,1,The Ultimate /DRIVE,The Ultimate /DRIVE
107,108,1,The Ultimate /DRIVE,The Ultimate /DRIVE
108,109,1,The Ultimate /DRIVE,The Ultimate /DRIVE
109,110,1,The Ultimate /DRIVE,The Ultimate /DRIVE
110,111,1,The Ultimate /DRIVE,The Ultimate /DRIVE
111,112,1,The Ultimate /DRIVE,The Ultimate /DRIVE
112,113,1,Best Made Cars In The World,The Ultimate /DRIVE
113,114,1,Best Made Cars In The World,Best Made Cars In The World
114,115,1,Best Made Cars in the World,Best Made Cars In The World
115,116,1,Best Made Cars in the World,Best Made Cars in the World
116,117,1,Best Made Cars In The World,Best Made Cars in the World
117,118,1,Best Made Cars In The World,Best Made Cars In The World
118,119,1,Best Made Cars In The World,Best Made Cars In The World
119,120,1,Best Made Cars In The World,Best Made Cars In The World
120,121,1,Best Made Cars In The World,Best Made Cars In The World
121,122,1,Best Made Cars In The World,Best Made Cars In The World
122,123,1,Best Made Cars In The World,Best Made Cars In The World
123,124,1,Best Made Cars In The World,Best Made Cars In The World
124,125,1,Best Made Cars In The World,Best Made Cars In The World
125,126,1,Best Made Cars In The World,Best Made Cars In The World
